-- phpMyAdmin SQL Dump
-- version 5.2.1
-- https://www.phpmyadmin.net/
--
-- Host: 127.0.0.1
-- Generation Time: Feb 12, 2025 at 04:22 PM
-- Server version: 10.4.32-MariaDB
-- PHP Version: 8.2.12

SET SQL_MODE = "NO_AUTO_VALUE_ON_ZERO";
START TRANSACTION;
SET time_zone = "+00:00";


/*!40101 SET @OLD_CHARACTER_SET_CLIENT=@@CHARACTER_SET_CLIENT */;
/*!40101 SET @OLD_CHARACTER_SET_RESULTS=@@CHARACTER_SET_RESULTS */;
/*!40101 SET @OLD_COLLATION_CONNECTION=@@COLLATION_CONNECTION */;
/*!40101 SET NAMES utf8mb4 */;

--
-- Database: `alkhyalcurtain`
--

-- --------------------------------------------------------

--
-- Table structure for table `admins`
--

CREATE TABLE `admins` (
  `id` bigint(20) UNSIGNED NOT NULL,
  `name` varchar(255) NOT NULL,
  `email` varchar(255) NOT NULL,
  `password` varchar(255) NOT NULL,
  `remember_token` varchar(100) DEFAULT NULL,
  `created_at` timestamp NULL DEFAULT NULL,
  `updated_at` timestamp NULL DEFAULT NULL
) ENGINE=InnoDB DEFAULT CHARSET=utf8mb4 COLLATE=utf8mb4_unicode_ci;

--
-- Dumping data for table `admins`
--

INSERT INTO `admins` (`id`, `name`, `email`, `password`, `remember_token`, `created_at`, `updated_at`) VALUES
(1, 'Admin', 'admin@admin.com', '$2y$10$KZjc.5eLz2QGHQKYNoaF0exzk.Bvka0ACYm47deOZ2ox.XIFkMm32', NULL, '2025-02-10 05:47:20', '2025-02-10 05:47:20');

-- --------------------------------------------------------

--
-- Table structure for table `admin_password_resets`
--

CREATE TABLE `admin_password_resets` (
  `email` varchar(255) NOT NULL,
  `token` varchar(255) NOT NULL,
  `created_at` timestamp NULL DEFAULT NULL
) ENGINE=InnoDB DEFAULT CHARSET=utf8mb4 COLLATE=utf8mb4_unicode_ci;

-- --------------------------------------------------------

--
-- Table structure for table `admin_profiles`
--

CREATE TABLE `admin_profiles` (
  `id` bigint(20) UNSIGNED NOT NULL,
  `admin_id` bigint(20) NOT NULL,
  `first_name` varchar(255) NOT NULL,
  `last_name` varchar(255) NOT NULL,
  `email` varchar(255) NOT NULL,
  `image` varchar(255) DEFAULT NULL,
  `created_at` timestamp NULL DEFAULT NULL,
  `updated_at` timestamp NULL DEFAULT NULL
) ENGINE=InnoDB DEFAULT CHARSET=utf8mb4 COLLATE=utf8mb4_unicode_ci;

-- --------------------------------------------------------

--
-- Table structure for table `categories`
--

CREATE TABLE `categories` (
  `id` bigint(20) UNSIGNED NOT NULL,
  `name` varchar(255) NOT NULL,
  `description` text DEFAULT NULL,
  `created_at` timestamp NULL DEFAULT NULL,
  `updated_at` timestamp NULL DEFAULT NULL
) ENGINE=InnoDB DEFAULT CHARSET=utf8mb4 COLLATE=utf8mb4_unicode_ci;

--
-- Dumping data for table `categories`
--

INSERT INTO `categories` (`id`, `name`, `description`, `created_at`, `updated_at`) VALUES
(1, 'Linen & Bedding', NULL, '2025-02-10 05:49:09', '2025-02-10 05:49:09'),
(2, 'Curtains', NULL, '2025-02-10 05:49:14', '2025-02-10 05:49:14');

-- --------------------------------------------------------

--
-- Table structure for table `failed_jobs`
--

CREATE TABLE `failed_jobs` (
  `id` bigint(20) UNSIGNED NOT NULL,
  `uuid` varchar(255) NOT NULL,
  `connection` text NOT NULL,
  `queue` text NOT NULL,
  `payload` longtext NOT NULL,
  `exception` longtext NOT NULL,
  `failed_at` timestamp NOT NULL DEFAULT current_timestamp()
) ENGINE=InnoDB DEFAULT CHARSET=utf8mb4 COLLATE=utf8mb4_unicode_ci;

-- --------------------------------------------------------

--
-- Table structure for table `galleries`
--

CREATE TABLE `galleries` (
  `id` bigint(20) UNSIGNED NOT NULL,
  `product_id` int(11) NOT NULL,
  `photo` varchar(255) DEFAULT NULL,
  `created_at` timestamp NULL DEFAULT NULL,
  `updated_at` timestamp NULL DEFAULT NULL,
  `deleted_at` timestamp NULL DEFAULT NULL
) ENGINE=InnoDB DEFAULT CHARSET=utf8mb4 COLLATE=utf8mb4_unicode_ci;

--
-- Dumping data for table `galleries`
--

INSERT INTO `galleries` (`id`, `product_id`, `photo`, `created_at`, `updated_at`, `deleted_at`) VALUES
(1, 1, '17391863145-360x360.jpg', NULL, NULL, NULL),
(2, 1, '17391863146-360x360.jpg', NULL, NULL, NULL),
(7, 2, '1739187681_4-360x360.jpg', NULL, NULL, NULL),
(8, 2, '1739187681_8-360x360.jpg', NULL, NULL, NULL),
(9, 5, '1739188511_5-360x360.jpg', NULL, NULL, NULL),
(10, 5, '1739188511_9-360x360.jpg', NULL, NULL, NULL),
(11, 5, '1739188511_11-360x360.jpg', NULL, NULL, NULL);

-- --------------------------------------------------------

--
-- Table structure for table `migrations`
--

CREATE TABLE `migrations` (
  `id` int(10) UNSIGNED NOT NULL,
  `migration` varchar(255) NOT NULL,
  `batch` int(11) NOT NULL
) ENGINE=InnoDB DEFAULT CHARSET=utf8mb4 COLLATE=utf8mb4_unicode_ci;

--
-- Dumping data for table `migrations`
--

INSERT INTO `migrations` (`id`, `migration`, `batch`) VALUES
(22, '2014_10_12_000000_create_users_table', 1),
(23, '2014_10_12_100000_create_password_resets_table', 1),
(24, '2019_08_19_000000_create_failed_jobs_table', 1),
(25, '2019_12_14_000001_create_personal_access_tokens_table', 1),
(26, '2023_08_23_145151_create_admins_table', 1),
(27, '2023_08_23_145318_create_admin_password_resets_table', 1),
(28, '2023_08_23_145414_create_admin_profiles_table', 1),
(29, '2024_03_26_111114_create_user_profiles_table', 1),
(30, '2025_01_23_122440_create_categories_table', 1),
(32, '2020_12_03_074525_create_galleries_table', 2),
(33, '2025_01_25_063021_create_products_table', 2),
(34, '2025_02_11_102102_create_reviews_table', 3),
(35, '2025_02_12_143609_create_orders_table', 4);

-- --------------------------------------------------------

--
-- Table structure for table `orders`
--

CREATE TABLE `orders` (
  `id` bigint(20) UNSIGNED NOT NULL,
  `order_number` varchar(255) NOT NULL,
  `total_price` decimal(10,2) NOT NULL,
  `status` varchar(255) NOT NULL DEFAULT '0',
  `created_at` timestamp NULL DEFAULT NULL,
  `updated_at` timestamp NULL DEFAULT NULL
) ENGINE=InnoDB DEFAULT CHARSET=utf8mb4 COLLATE=utf8mb4_unicode_ci;

--
-- Dumping data for table `orders`
--

INSERT INTO `orders` (`id`, `order_number`, `total_price`, `status`, `created_at`, `updated_at`) VALUES
(4, 'ORD-933281', 1302.00, '0', '2025-02-12 10:07:47', '2025-02-12 10:17:53'),
(5, 'ORD-415834', 807.00, '0', '2025-02-12 10:17:20', '2025-02-12 10:17:20'),
(6, 'ORD-741006', 748.00, '0', '2025-02-12 10:18:43', '2025-02-12 10:18:43'),
(7, 'ORD-651656', 748.00, '0', '2025-02-12 10:19:57', '2025-02-12 10:19:57');

-- --------------------------------------------------------

--
-- Table structure for table `order_items`
--

CREATE TABLE `order_items` (
  `id` bigint(20) UNSIGNED NOT NULL,
  `order_id` bigint(20) UNSIGNED NOT NULL,
  `product_id` bigint(20) UNSIGNED NOT NULL,
  `quantity` int(11) NOT NULL,
  `price` decimal(10,2) NOT NULL,
  `created_at` timestamp NULL DEFAULT NULL,
  `updated_at` timestamp NULL DEFAULT NULL
) ENGINE=InnoDB DEFAULT CHARSET=utf8mb4 COLLATE=utf8mb4_unicode_ci;

--
-- Dumping data for table `order_items`
--

INSERT INTO `order_items` (`id`, `order_id`, `product_id`, `quantity`, `price`, `created_at`, `updated_at`) VALUES
(8, 4, 4, 1, 554.00, '2025-02-12 10:07:47', '2025-02-12 10:07:47'),
(9, 4, 3, 1, 748.00, '2025-02-12 10:07:47', '2025-02-12 10:07:47'),
(10, 5, 5, 1, 807.00, '2025-02-12 10:17:20', '2025-02-12 10:17:20'),
(11, 6, 3, 1, 748.00, '2025-02-12 10:18:43', '2025-02-12 10:18:43'),
(12, 7, 3, 1, 748.00, '2025-02-12 10:19:57', '2025-02-12 10:19:57');

-- --------------------------------------------------------

--
-- Table structure for table `password_resets`
--

CREATE TABLE `password_resets` (
  `email` varchar(255) NOT NULL,
  `token` varchar(255) NOT NULL,
  `created_at` timestamp NULL DEFAULT NULL
) ENGINE=InnoDB DEFAULT CHARSET=utf8mb4 COLLATE=utf8mb4_unicode_ci;

-- --------------------------------------------------------

--
-- Table structure for table `personal_access_tokens`
--

CREATE TABLE `personal_access_tokens` (
  `id` bigint(20) UNSIGNED NOT NULL,
  `tokenable_type` varchar(255) NOT NULL,
  `tokenable_id` bigint(20) UNSIGNED NOT NULL,
  `name` varchar(255) NOT NULL,
  `token` varchar(64) NOT NULL,
  `abilities` text DEFAULT NULL,
  `last_used_at` timestamp NULL DEFAULT NULL,
  `created_at` timestamp NULL DEFAULT NULL,
  `updated_at` timestamp NULL DEFAULT NULL
) ENGINE=InnoDB DEFAULT CHARSET=utf8mb4 COLLATE=utf8mb4_unicode_ci;

-- --------------------------------------------------------

--
-- Table structure for table `products`
--

CREATE TABLE `products` (
  `id` bigint(20) UNSIGNED NOT NULL,
  `category_id` bigint(20) UNSIGNED NOT NULL,
  `name` varchar(255) NOT NULL,
  `price` decimal(8,2) NOT NULL,
  `stock` int(11) DEFAULT NULL,
  `type` enum('Featured','Latest','Special') DEFAULT NULL,
  `img` varchar(255) NOT NULL,
  `description` text DEFAULT NULL,
  `created_at` timestamp NULL DEFAULT NULL,
  `updated_at` timestamp NULL DEFAULT NULL
) ENGINE=InnoDB DEFAULT CHARSET=utf8mb4 COLLATE=utf8mb4_unicode_ci;

--
-- Dumping data for table `products`
--

INSERT INTO `products` (`id`, `category_id`, `name`, `price`, `stock`, `type`, `img`, `description`, `created_at`, `updated_at`) VALUES
(1, 1, 'Bedsheets', 200.00, 10, NULL, '17391863141-360x360.jpg', '<html>\r\n<head>\r\n	<title></title>\r\n</head>\r\n<body>\r\n<p>Testing Product</p>\r\n</body>\r\n</html>', '2025-02-10 06:18:34', '2025-02-10 06:18:34'),
(2, 2, 'Blackout curtains', 400.00, 5, NULL, '173918714912-360x360.jpg', '<html>\r\n<head>\r\n	<title></title>\r\n</head>\r\n<body></body>\r\n</html>', '2025-02-10 06:32:29', '2025-02-10 06:32:29'),
(3, 2, 'Mia Kirby', 748.00, 83, 'Featured', '17391877646-360x360.jpg', '<html>\r\n<head>\r\n	<title></title>\r\n</head>\r\n<body></body>\r\n</html>', '2025-02-10 06:42:44', '2025-02-10 06:42:44'),
(4, 1, 'Grace Anthony', 554.00, 78, 'Special', '173918778215-360x360.jpg', '<html>\r\n<head>\r\n	<title></title>\r\n</head>\r\n<body></body>\r\n</html>', '2025-02-10 06:43:02', '2025-02-10 06:43:02'),
(5, 1, 'Avye Rosario', 807.00, 58, 'Special', '17391885118-360x360.jpg', '<html>\r\n<head>\r\n	<title></title>\r\n</head>\r\n<body></body>\r\n</html>', '2025-02-10 06:55:11', '2025-02-10 06:55:11');

-- --------------------------------------------------------

--
-- Table structure for table `reviews`
--

CREATE TABLE `reviews` (
  `id` bigint(20) UNSIGNED NOT NULL,
  `product_id` bigint(20) UNSIGNED NOT NULL,
  `name` varchar(255) NOT NULL,
  `review` text NOT NULL,
  `rating` int(11) NOT NULL,
  `created_at` timestamp NULL DEFAULT NULL,
  `updated_at` timestamp NULL DEFAULT NULL
) ENGINE=InnoDB DEFAULT CHARSET=utf8mb4 COLLATE=utf8mb4_unicode_ci;

--
-- Dumping data for table `reviews`
--

INSERT INTO `reviews` (`id`, `product_id`, `name`, `review`, `rating`, `created_at`, `updated_at`) VALUES
(1, 5, 'Numan', 'Outstandign PRoduct', 3, '2025-02-11 05:28:57', '2025-02-11 05:28:57'),
(2, 5, 'Nomi007', 'Testing', 2, '2025-02-11 05:29:42', '2025-02-11 05:29:42');

-- --------------------------------------------------------

--
-- Table structure for table `users`
--

CREATE TABLE `users` (
  `id` bigint(20) UNSIGNED NOT NULL,
  `name` varchar(255) NOT NULL,
  `email` varchar(255) NOT NULL,
  `address` varchar(255) NOT NULL,
  `mobile_number` varchar(255) NOT NULL,
  `email_verified_at` timestamp NULL DEFAULT NULL,
  `password` varchar(255) NOT NULL,
  `remember_token` varchar(100) DEFAULT NULL,
  `created_at` timestamp NULL DEFAULT NULL,
  `updated_at` timestamp NULL DEFAULT NULL
) ENGINE=InnoDB DEFAULT CHARSET=utf8mb4 COLLATE=utf8mb4_unicode_ci;

-- --------------------------------------------------------

--
-- Table structure for table `user_profiles`
--

CREATE TABLE `user_profiles` (
  `id` bigint(20) UNSIGNED NOT NULL,
  `user_id` bigint(20) NOT NULL,
  `name` varchar(255) NOT NULL,
  `mobile_number` varchar(255) NOT NULL,
  `address` varchar(255) NOT NULL,
  `email` varchar(255) NOT NULL,
  `image` varchar(255) DEFAULT NULL,
  `created_at` timestamp NULL DEFAULT NULL,
  `updated_at` timestamp NULL DEFAULT NULL
) ENGINE=InnoDB DEFAULT CHARSET=utf8mb4 COLLATE=utf8mb4_unicode_ci;

--
-- Indexes for dumped tables
--

--
-- Indexes for table `admins`
--
ALTER TABLE `admins`
  ADD PRIMARY KEY (`id`),
  ADD UNIQUE KEY `admins_email_unique` (`email`);

--
-- Indexes for table `admin_password_resets`
--
ALTER TABLE `admin_password_resets`
  ADD KEY `admin_password_resets_email_index` (`email`);

--
-- Indexes for table `admin_profiles`
--
ALTER TABLE `admin_profiles`
  ADD PRIMARY KEY (`id`);

--
-- Indexes for table `categories`
--
ALTER TABLE `categories`
  ADD PRIMARY KEY (`id`);

--
-- Indexes for table `failed_jobs`
--
ALTER TABLE `failed_jobs`
  ADD PRIMARY KEY (`id`),
  ADD UNIQUE KEY `failed_jobs_uuid_unique` (`uuid`);

--
-- Indexes for table `galleries`
--
ALTER TABLE `galleries`
  ADD PRIMARY KEY (`id`);

--
-- Indexes for table `migrations`
--
ALTER TABLE `migrations`
  ADD PRIMARY KEY (`id`);

--
-- Indexes for table `orders`
--
ALTER TABLE `orders`
  ADD PRIMARY KEY (`id`),
  ADD UNIQUE KEY `orders_order_number_unique` (`order_number`);

--
-- Indexes for table `order_items`
--
ALTER TABLE `order_items`
  ADD PRIMARY KEY (`id`),
  ADD KEY `order_items_order_id_foreign` (`order_id`),
  ADD KEY `order_items_product_id_foreign` (`product_id`);

--
-- Indexes for table `password_resets`
--
ALTER TABLE `password_resets`
  ADD KEY `password_resets_email_index` (`email`);

--
-- Indexes for table `personal_access_tokens`
--
ALTER TABLE `personal_access_tokens`
  ADD PRIMARY KEY (`id`),
  ADD UNIQUE KEY `personal_access_tokens_token_unique` (`token`),
  ADD KEY `personal_access_tokens_tokenable_type_tokenable_id_index` (`tokenable_type`,`tokenable_id`);

--
-- Indexes for table `products`
--
ALTER TABLE `products`
  ADD PRIMARY KEY (`id`),
  ADD KEY `products_category_id_foreign` (`category_id`);

--
-- Indexes for table `reviews`
--
ALTER TABLE `reviews`
  ADD PRIMARY KEY (`id`),
  ADD KEY `reviews_product_id_foreign` (`product_id`);

--
-- Indexes for table `users`
--
ALTER TABLE `users`
  ADD PRIMARY KEY (`id`),
  ADD UNIQUE KEY `users_email_unique` (`email`);

--
-- Indexes for table `user_profiles`
--
ALTER TABLE `user_profiles`
  ADD PRIMARY KEY (`id`);

--
-- AUTO_INCREMENT for dumped tables
--

--
-- AUTO_INCREMENT for table `admins`
--
ALTER TABLE `admins`
  MODIFY `id` bigint(20) UNSIGNED NOT NULL AUTO_INCREMENT, AUTO_INCREMENT=2;

--
-- AUTO_INCREMENT for table `admin_profiles`
--
ALTER TABLE `admin_profiles`
  MODIFY `id` bigint(20) UNSIGNED NOT NULL AUTO_INCREMENT;

--
-- AUTO_INCREMENT for table `categories`
--
ALTER TABLE `categories`
  MODIFY `id` bigint(20) UNSIGNED NOT NULL AUTO_INCREMENT, AUTO_INCREMENT=3;

--
-- AUTO_INCREMENT for table `failed_jobs`
--
ALTER TABLE `failed_jobs`
  MODIFY `id` bigint(20) UNSIGNED NOT NULL AUTO_INCREMENT;

--
-- AUTO_INCREMENT for table `galleries`
--
ALTER TABLE `galleries`
  MODIFY `id` bigint(20) UNSIGNED NOT NULL AUTO_INCREMENT, AUTO_INCREMENT=12;

--
-- AUTO_INCREMENT for table `migrations`
--
ALTER TABLE `migrations`
  MODIFY `id` int(10) UNSIGNED NOT NULL AUTO_INCREMENT, AUTO_INCREMENT=36;

--
-- AUTO_INCREMENT for table `orders`
--
ALTER TABLE `orders`
  MODIFY `id` bigint(20) UNSIGNED NOT NULL AUTO_INCREMENT, AUTO_INCREMENT=8;

--
-- AUTO_INCREMENT for table `order_items`
--
ALTER TABLE `order_items`
  MODIFY `id` bigint(20) UNSIGNED NOT NULL AUTO_INCREMENT, AUTO_INCREMENT=13;

--
-- AUTO_INCREMENT for table `personal_access_tokens`
--
ALTER TABLE `personal_access_tokens`
  MODIFY `id` bigint(20) UNSIGNED NOT NULL AUTO_INCREMENT;

--
-- AUTO_INCREMENT for table `products`
--
ALTER TABLE `products`
  MODIFY `id` bigint(20) UNSIGNED NOT NULL AUTO_INCREMENT, AUTO_INCREMENT=6;

--
-- AUTO_INCREMENT for table `reviews`
--
ALTER TABLE `reviews`
  MODIFY `id` bigint(20) UNSIGNED NOT NULL AUTO_INCREMENT, AUTO_INCREMENT=3;

--
-- AUTO_INCREMENT for table `users`
--
ALTER TABLE `users`
  MODIFY `id` bigint(20) UNSIGNED NOT NULL AUTO_INCREMENT;

--
-- AUTO_INCREMENT for table `user_profiles`
--
ALTER TABLE `user_profiles`
  MODIFY `id` bigint(20) UNSIGNED NOT NULL AUTO_INCREMENT;

--
-- Constraints for dumped tables
--

--
-- Constraints for table `order_items`
--
ALTER TABLE `order_items`
  ADD CONSTRAINT `order_items_order_id_foreign` FOREIGN KEY (`order_id`) REFERENCES `orders` (`id`) ON DELETE CASCADE,
  ADD CONSTRAINT `order_items_product_id_foreign` FOREIGN KEY (`product_id`) REFERENCES `products` (`id`) ON DELETE CASCADE;

--
-- Constraints for table `products`
--
ALTER TABLE `products`
  ADD CONSTRAINT `products_category_id_foreign` FOREIGN KEY (`category_id`) REFERENCES `categories` (`id`) ON DELETE CASCADE;

--
-- Constraints for table `reviews`
--
ALTER TABLE `reviews`
  ADD CONSTRAINT `reviews_product_id_foreign` FOREIGN KEY (`product_id`) REFERENCES `products` (`id`) ON DELETE CASCADE;
COMMIT;

/*!40101 SET CHARACTER_SET_CLIENT=@OLD_CHARACTER_SET_CLIENT */;
/*!40101 SET CHARACTER_SET_RESULTS=@OLD_CHARACTER_SET_RESULTS */;
/*!40101 SET COLLATION_CONNECTION=@OLD_COLLATION_CONNECTION */;
